batch_id,region,planned_delivery,actual_delivery,transport_days,delivery_status
BCH000269,East Asia,2023-11-24,2023-11-25,8,On-time
BCH000417,South Asia,2023-12-02,2023-12-09,7,Delayed
BCH000666,Eastern Europe,2023-07-13,2023-07-13,5,On-time
BCH000746,Central America,2023-09-06,2023-09-09,3,Delayed
BCH000023,South America,2023-12-12,2023-12-20,7,Delayed
BCH000336,South America,2023-12-22,2023-12-27,7,Delayed
BCH000147,South Asia,2023-08-22,2023-08-23,7,On-time
BCH000319,South Asia,2023-08-19,2023-08-19,6,On-time
BCH000079,Central America,2023-10-25,2023-10-28,3,Delayed
BCH000541,North America,2023-12-30,2023-12-30,2,On-time
BCH000778,South America,2023-11-02,2023-11-02,3,On-time
BCH000754,Western Europe,2023-09-18,2023-09-19,5,On-time
BCH000120,South America,2023-09-10,2023-09-14,3,Delayed
BCH000285,South America,2023-10-24,2023-10-25,3,On-time
BCH000582,Eastern Europe,2023-07-15,2023-07-19,9,Delayed
BCH000598,East Asia,2023-09-12,2023-09-15,7,Delayed
BCH000461,East Asia,2023-07-11,2023-07-13,9,Delayed
BCH000278,North America,2023-07-18,2023-07-19,3,On-time
BCH000594,Western Europe,2023-12-31,2024-01-06,5,Delayed
BCH000710,Western Europe,2023-07-22,2023-07-25,7,Delayed
BCH000183,Central America,2023-10-10,2023-10-10,3,On-time
BCH000640,Western Europe,2023-10-08,2023-10-08,4,On-time
BCH000295,Eastern Europe,2023-11-21,2023-11-25,9,Delayed
BCH000625,Western Europe,2023-10-27,2023-10-28,5,On-time
BCH000338,North America,2023-11-10,2023-11-16,6,Delayed
BCH000044,Central America,2023-08-14,2023-08-14,3,On-time
BCH000222,Western Europe,2023-08-17,2023-08-17,4,On-time
BCH000052,South Asia,2023-07-29,2023-08-02,7,Delayed
BCH000264,East Asia,2023-09-18,2023-09-29,10,Delayed
BCH000137,East Asia,2023-08-19,2023-08-27,7,Delayed
BCH000107,South America,2023-07-11,2023-07-13,5,Delayed
BCH000745,South America,2023-11-25,2023-12-03,4,Delayed
BCH000364,South America,2023-07-25,2023-07-26,4,On-time
BCH000500,Eastern Europe,2023-07-19,2023-07-20,6,On-time
BCH000074,Western Europe,2023-11-11,2023-11-12,5,On-time
BCH000567,North America,2023-09-13,2023-09-17,5,Delayed
BCH000410,East Asia,2023-08-12,2023-08-13,8,On-time
BCH000234,East Asia,2023-11-01,2023-11-03,7,Delayed
BCH000435,Eastern Europe,2023-08-15,2023-08-19,6,Delayed
BCH000246,East Asia,2023-07-12,2023-07-13,8,On-time
BCH000649,Eastern Europe,2023-10-04,2023-10-05,6,On-time
BCH000691,South America,2023-08-02,2023-08-03,4,On-time
BCH000513,Western Europe,2023-11-24,2023-11-26,4,Delayed
BCH000491,South America,2023-10-14,2023-10-15,4,On-time
BCH000057,Western Europe,2023-07-18,2023-07-20,4,Delayed
BCH000143,Western Europe,2023-12-28,2023-12-29,5,On-time
BCH000064,Central America,2023-10-18,2023-10-18,3,On-time
BCH000342,Western Europe,2023-11-08,2023-11-08,4,On-time
BCH000795,Western Europe,2023-09-13,2023-09-14,4,On-time
BCH000563,Central America,2023-11-22,2023-11-23,3,On-time
BCH000688,South America,2023-12-06,2023-12-08,4,Delayed
BCH000237,Western Europe,2023-11-04,2023-11-04,4,On-time
BCH000563,Eastern Europe,2023-11-24,2023-11-25,5,On-time
BCH000662,North America,2023-11-20,2023-11-21,2,On-time
BCH000274,North America,2023-12-24,2023-12-26,4,Delayed
BCH000460,Eastern Europe,2023-08-24,2023-08-26,7,Delayed
BCH000038,Western Europe,2023-08-25,2023-08-29,5,Delayed
BCH000148,South America,2023-11-07,2023-11-11,6,Delayed
BCH000445,North America,2023-11-23,2023-11-26,2,Delayed
BCH000737,South America,2023-11-01,2023-11-03,3,Delayed
BCH000727,Western Europe,2023-12-26,2023-12-30,7,Delayed
BCH000753,Western Europe,2023-07-26,2023-07-28,4,Delayed
BCH000408,East Asia,2023-08-26,2023-08-27,7,On-time
BCH000764,East Asia,2023-10-17,2023-10-20,7,Delayed
BCH000006,East Asia,2023-10-29,2023-10-30,7,On-time
BCH000384,North America,2023-08-25,2023-08-25,2,On-time
BCH000505,East Asia,2023-08-13,2023-08-17,11,Delayed
BCH000711,Eastern Europe,2023-09-20,2023-09-29,7,Delayed
BCH000313,Eastern Europe,2023-12-14,2023-12-14,5,On-time
BCH000646,South America,2023-11-09,2023-11-10,3,On-time
BCH000477,South America,2023-07-04,2023-07-07,3,Delayed
BCH000717,South America,2023-10-23,2023-10-26,6,Delayed
BCH000282,South Asia,2023-11-20,2023-11-20,6,On-time
BCH000311,East Asia,2023-08-01,2023-08-06,11,Delayed
BCH000333,Western Europe,2023-09-24,2023-09-28,8,Delayed
BCH000256,South America,2023-09-23,2023-09-24,3,On-time
BCH000719,South Asia,2023-07-13,2023-07-18,8,Delayed
BCH000156,Eastern Europe,2023-08-10,2023-08-11,6,On-time
BCH000775,South Asia,2023-09-30,2023-10-04,7,Delayed
BCH000387,South America,2023-07-07,2023-07-08,4,On-time
BCH000066,Western Europe,2023-10-01,2023-10-01,4,On-time
BCH000556,South Asia,2023-11-08,2023-11-08,6,On-time
BCH000268,North America,2023-07-09,2023-07-09,2,On-time
BCH000163,Central America,2023-11-28,2023-11-29,4,On-time
BCH000472,North America,2023-08-06,2023-08-13,2,Delayed
BCH000211,Western Europe,2023-09-01,2023-09-01,4,On-time
BCH000526,Western Europe,2023-12-16,2023-12-17,5,On-time
BCH000683,South Asia,2023-10-04,2023-10-10,6,Delayed
BCH000158,North America,2023-11-12,2023-11-12,2,On-time
BCH000071,South America,2023-11-06,2023-11-10,3,Delayed
BCH000059,South Asia,2023-09-29,2023-10-02,8,Delayed
BCH000532,South America,2023-10-26,2023-10-30,3,Delayed
BCH000102,Central America,2023-12-16,2023-12-21,3,Delayed
BCH000155,Central America,2023-09-04,2023-09-12,4,Delayed
BCH000415,South America,2023-11-03,2023-11-06,3,Delayed
BCH000273,Western Europe,2023-11-06,2023-11-06,4,On-time
BCH000598,South Asia,2023-09-11,2023-09-16,8,Delayed
BCH000776,North America,2023-08-06,2023-08-06,2,On-time
BCH000197,South America,2023-08-17,2023-08-18,4,On-time
BCH000797,East Asia,2023-10-12,2023-10-12,7,On-time
BCH000030,North America,2023-09-22,2023-09-26,6,Delayed
BCH000023,Western Europe,2023-12-13,2023-12-17,4,Delayed
BCH000343,North America,2023-10-17,2023-10-17,2,On-time
BCH000337,South Asia,2023-09-25,2023-09-29,9,Delayed
BCH000040,Eastern Europe,2023-08-12,2023-08-15,8,Delayed
BCH000017,North America,2023-07-05,2023-07-07,2,Delayed
BCH000738,Eastern Europe,2023-10-11,2023-10-12,5,On-time
BCH000084,East Asia,2023-12-11,2023-12-14,10,Delayed
BCH000081,South Asia,2024-01-03,2024-01-09,10,Delayed
BCH000550,North America,2023-09-29,2023-09-30,2,On-time
BCH000735,Western Europe,2023-08-16,2023-08-16,4,On-time
BCH000722,Central America,2023-11-03,2023-11-08,3,Delayed
BCH000002,Eastern Europe,2023-07-28,2023-07-28,5,On-time
BCH000209,Central America,2023-07-16,2023-07-16,3,On-time
BCH000494,Central America,2023-11-14,2023-11-16,4,Delayed
BCH000593,Central America,2023-11-17,2023-11-20,6,Delayed
BCH000646,South America,2023-11-09,2023-11-10,3,On-time
BCH000434,South Asia,2023-11-28,2023-11-28,6,On-time
BCH000478,Central America,2023-09-30,2023-10-04,7,Delayed
BCH000528,Central America,2023-07-17,2023-07-17,3,On-time
BCH000713,North America,2023-08-18,2023-08-18,2,On-time
BCH000303,Central America,2023-11-15,2023-11-16,4,On-time
BCH000422,South America,2023-10-26,2023-10-26,3,On-time
BCH000308,North America,2023-12-23,2023-12-24,3,On-time
BCH000131,Western Europe,2023-08-06,2023-08-06,4,On-time
BCH000496,South Asia,2023-10-26,2023-10-30,8,Delayed
BCH000044,East Asia,2023-08-18,2023-08-19,8,On-time
BCH000201,Western Europe,2023-11-20,2023-11-20,4,On-time
BCH000047,East Asia,2023-09-07,2023-09-08,7,On-time
BCH000394,Western Europe,2023-12-02,2023-12-03,5,On-time
BCH000198,South America,2023-09-20,2023-09-21,4,On-time
BCH000074,Central America,2023-11-10,2023-11-10,3,On-time
BCH000347,North America,2023-09-05,2023-09-08,5,Delayed
BCH000229,North America,2023-09-17,2023-09-22,3,Delayed
BCH000790,North America,2023-09-06,2023-09-10,3,Delayed
BCH000133,Eastern Europe,2023-10-09,2023-10-16,6,Delayed
BCH000709,South America,2023-08-22,2023-08-25,6,Delayed
BCH000588,Central America,2023-09-11,2023-09-14,6,Delayed
BCH000105,Western Europe,2023-10-03,2023-10-03,4,On-time
BCH000576,Central America,2023-08-03,2023-08-04,3,On-time
BCH000126,Central America,2023-11-21,2023-11-23,3,Delayed
BCH000049,North America,2023-08-04,2023-08-06,4,Delayed
BCH000194,Eastern Europe,2023-11-12,2023-11-13,6,On-time
BCH000050,Western Europe,2023-12-21,2023-12-26,7,Delayed
BCH000335,Eastern Europe,2023-10-18,2023-10-21,5,Delayed
BCH000008,Eastern Europe,2023-10-22,2023-10-22,5,On-time
BCH000403,East Asia,2023-09-10,2023-09-12,7,Delayed
BCH000244,Central America,2023-12-31,2024-01-01,3,On-time
BCH000356,North America,2023-12-29,2023-12-29,2,On-time
BCH000737,Western Europe,2023-11-02,2023-11-04,4,Delayed
BCH000463,Central America,2023-08-10,2023-08-14,7,Delayed
BCH000257,South America,2023-10-26,2023-10-26,3,On-time
BCH000218,Western Europe,2023-11-28,2023-12-03,6,Delayed
BCH000672,North America,2023-11-12,2023-11-12,2,On-time
BCH000247,North America,2023-12-26,2024-01-01,6,Delayed
BCH000676,East Asia,2023-09-17,2023-09-17,7,On-time
BCH000398,Western Europe,2023-10-31,2023-11-07,4,Delayed
BCH000522,South Asia,2023-11-24,2023-11-30,6,Delayed
BCH000770,South Asia,2023-07-25,2023-07-30,9,Delayed
BCH000372,Central America,2023-08-07,2023-08-12,3,Delayed
BCH000438,Central America,2023-09-04,2023-09-04,3,On-time
BCH000433,Eastern Europe,2023-09-19,2023-09-19,5,On-time
BCH000002,Central America,2023-07-26,2023-07-26,3,On-time
BCH000368,East Asia,2023-10-08,2023-10-08,7,On-time
BCH000178,Eastern Europe,2023-07-27,2023-07-27,5,On-time
BCH000620,East Asia,2023-10-15,2023-10-19,8,Delayed
BCH000591,South America,2023-09-17,2023-09-17,3,On-time
BCH000251,South Asia,2023-12-05,2023-12-09,10,Delayed
BCH000349,Western Europe,2023-07-06,2023-07-06,4,On-time
BCH000725,South Asia,2023-12-15,2023-12-17,8,Delayed
BCH000393,Western Europe,2023-11-22,2023-11-27,4,Delayed
BCH000266,North America,2023-07-16,2023-07-17,2,On-time
BCH000360,Central America,2023-08-31,2023-09-03,3,Delayed
BCH000432,Central America,2023-12-31,2024-01-08,3,Delayed
BCH000441,North America,2023-12-30,2023-12-30,2,On-time
BCH000329,South America,2023-08-31,2023-08-31,3,On-time
BCH000236,South America,2023-10-17,2023-10-17,3,On-time
BCH000607,East Asia,2023-08-30,2023-09-02,10,Delayed
BCH000378,North America,2023-10-01,2023-10-03,2,Delayed
BCH000173,East Asia,2023-09-08,2023-09-10,7,Delayed
BCH000471,Western Europe,2023-11-18,2023-11-18,4,On-time
BCH000447,Eastern Europe,2023-11-07,2023-11-07,5,On-time
BCH000723,East Asia,2023-12-31,2024-01-01,7,On-time
BCH000766,Central America,2023-12-30,2023-12-30,3,On-time
BCH000695,Eastern Europe,2023-07-09,2023-07-16,6,Delayed
BCH000241,Eastern Europe,2023-09-22,2023-09-26,6,Delayed
BCH000078,South America,2023-10-26,2023-10-26,3,On-time
BCH000458,Western Europe,2023-11-14,2023-11-19,5,Delayed
BCH000041,Eastern Europe,2023-07-26,2023-07-30,9,Delayed
BCH000089,East Asia,2023-11-19,2023-11-19,7,On-time
BCH000447,North America,2023-11-04,2023-11-04,2,On-time
BCH000019,East Asia,2023-09-10,2023-09-10,7,On-time
BCH000054,South America,2023-09-15,2023-09-16,3,On-time
BCH000323,Western Europe,2023-09-04,2023-09-05,5,On-time
BCH000033,Western Europe,2023-08-04,2023-08-06,4,Delayed
BCH000227,South America,2023-09-30,2023-10-02,3,Delayed
BCH000251,East Asia,2023-12-06,2023-12-06,7,On-time
BCH000186,Central America,2023-12-05,2023-12-07,3,Delayed
BCH000258,South Asia,2023-09-01,2023-09-03,8,Delayed
BCH000269,South America,2023-11-20,2023-11-20,3,On-time
BCH000345,North America,2023-12-02,2023-12-09,3,Delayed
BCH000409,North America,2023-12-23,2023-12-29,2,Delayed
BCH000730,East Asia,2023-07-08,2023-07-09,8,On-time
BCH000389,South America,2023-11-02,2023-11-02,3,On-time
BCH000288,East Asia,2023-11-02,2023-11-07,7,Delayed
BCH000617,East Asia,2023-10-27,2023-10-27,7,On-time
BCH000401,Central America,2023-08-25,2023-08-26,3,On-time
BCH000330,East Asia,2023-08-19,2023-08-20,8,On-time
BCH000647,Central America,2023-08-10,2023-08-10,3,On-time
BCH000156,East Asia,2023-08-12,2023-08-13,8,On-time
BCH000412,East Asia,2023-08-21,2023-08-21,7,On-time
BCH000769,South Asia,2023-11-19,2023-11-19,6,On-time
BCH000282,East Asia,2023-11-21,2023-11-21,7,On-time
BCH000317,Eastern Europe,2023-07-27,2023-08-01,7,Delayed
BCH000578,East Asia,2023-12-23,2023-12-23,7,On-time
BCH000045,Eastern Europe,2023-08-05,2023-08-09,9,Delayed
BCH000465,East Asia,2023-12-07,2023-12-07,7,On-time
BCH000679,North America,2023-11-11,2023-11-11,2,On-time
BCH000068,South America,2023-11-25,2023-11-28,3,Delayed
BCH000529,Central America,2023-08-06,2023-08-12,5,Delayed
BCH000685,East Asia,2023-09-11,2023-09-19,11,Delayed
BCH000386,Western Europe,2023-12-08,2023-12-08,4,On-time
BCH000781,North America,2023-11-08,2023-11-10,4,Delayed
BCH000475,East Asia,2023-10-30,2023-11-04,9,Delayed
BCH000255,East Asia,2023-11-22,2023-11-26,10,Delayed
BCH000712,Eastern Europe,2023-12-01,2023-12-01,5,On-time
BCH000480,East Asia,2023-07-28,2023-07-31,10,Delayed
BCH000758,East Asia,2023-09-20,2023-09-20,7,On-time
BCH000271,Western Europe,2023-10-13,2023-10-21,4,Delayed
BCH000275,East Asia,2023-07-17,2023-07-21,7,Delayed
BCH000239,Western Europe,2023-11-29,2023-12-01,4,Delayed
BCH000244,Western Europe,2024-01-01,2024-01-02,4,On-time
BCH000486,South America,2023-08-16,2023-08-16,3,On-time
BCH000406,Western Europe,2023-09-06,2023-09-07,5,On-time
BCH000136,Western Europe,2023-10-31,2023-11-01,4,On-time
BCH000626,South America,2023-10-28,2023-11-02,5,Delayed
BCH000081,North America,2023-12-30,2024-01-01,2,Delayed
BCH000394,Western Europe,2023-12-02,2023-12-02,4,On-time
BCH000697,Eastern Europe,2023-10-09,2023-10-09,5,On-time
BCH000576,South America,2023-08-03,2023-08-04,3,On-time
BCH000402,Western Europe,2023-10-25,2023-10-26,4,On-time
BCH000774,South Asia,2023-12-01,2023-12-02,7,On-time
BCH000391,South Asia,2023-08-29,2023-09-01,9,Delayed
BCH000223,Western Europe,2023-12-15,2023-12-19,8,Delayed
BCH000354,South Asia,2023-09-20,2023-09-20,6,On-time
BCH000572,East Asia,2023-07-21,2023-07-22,7,On-time
BCH000235,South Asia,2023-12-24,2023-12-29,8,Delayed
BCH000221,South Asia,2023-09-11,2023-09-11,6,On-time
BCH000358,North America,2023-11-18,2023-11-28,6,Delayed
BCH000160,East Asia,2023-08-08,2023-08-08,7,On-time
BCH000774,South America,2023-11-28,2023-11-28,3,On-time
BCH000214,North America,2023-08-29,2023-08-29,2,On-time
BCH000507,Central America,2023-11-24,2023-11-24,3,On-time
BCH000336,South America,2023-12-22,2023-12-23,3,On-time
BCH000228,South America,2023-10-02,2023-10-05,3,Delayed
BCH000593,North America,2023-11-16,2023-11-16,2,On-time
BCH000103,South America,2023-12-17,2023-12-19,5,Delayed
BCH000233,North America,2023-11-13,2023-11-17,5,Delayed
BCH000608,East Asia,2023-07-11,2023-07-15,7,Delayed
BCH000225,East Asia,2023-11-27,2023-12-05,7,Delayed
BCH000446,South Asia,2023-12-22,2023-12-30,6,Delayed
BCH000431,East Asia,2023-11-20,2023-11-28,8,Delayed
BCH000022,South America,2023-10-16,2023-10-18,3,Delayed
BCH000124,Western Europe,2023-08-18,2023-08-18,4,On-time
BCH000187,Western Europe,2023-07-08,2023-07-10,4,Delayed
BCH000237,Western Europe,2023-11-04,2023-11-04,4,On-time
BCH000516,Central America,2023-11-19,2023-11-24,3,Delayed
BCH000389,East Asia,2023-11-06,2023-11-06,7,On-time
BCH000262,Eastern Europe,2023-09-03,2023-09-03,5,On-time
BCH000451,Western Europe,2023-10-10,2023-10-18,4,Delayed
BCH000390,East Asia,2023-08-18,2023-08-24,10,Delayed
BCH000049,North America,2023-08-04,2023-08-04,2,On-time
BCH000525,North America,2023-09-14,2023-09-17,3,Delayed
BCH000677,Central America,2023-07-30,2023-07-30,3,On-time
BCH000192,South America,2023-08-05,2023-08-05,3,On-time
BCH000544,East Asia,2023-07-26,2023-07-26,7,On-time
BCH000591,Eastern Europe,2023-09-19,2023-09-19,5,On-time
BCH000165,South America,2023-12-22,2023-12-25,3,Delayed
BCH000177,Eastern Europe,2023-11-23,2023-11-24,6,On-time
BCH000596,Central America,2023-08-03,2023-08-03,3,On-time
BCH000404,South Asia,2023-10-21,2023-10-27,6,Delayed
BCH000741,Eastern Europe,2023-08-08,2023-08-09,5,On-time
BCH000436,South America,2023-07-22,2023-07-22,3,On-time
BCH000739,North America,2023-11-04,2023-11-10,5,Delayed
BCH000188,Eastern Europe,2023-09-26,2023-09-27,5,On-time
BCH000429,Eastern Europe,2023-10-08,2023-10-08,5,On-time
BCH000310,Western Europe,2023-10-25,2023-10-25,4,On-time
BCH000053,Central America,2023-09-10,2023-09-15,3,Delayed
BCH000069,South America,2023-09-25,2023-09-25,3,On-time
BCH000025,North America,2023-12-10,2023-12-16,3,Delayed
BCH000605,East Asia,2024-01-02,2024-01-05,10,Delayed
BCH000196,Western Europe,2023-09-06,2023-09-10,6,Delayed
BCH000152,East Asia,2023-08-22,2023-08-22,7,On-time
BCH000362,East Asia,2023-07-14,2023-07-15,7,On-time
BCH000464,South Asia,2023-12-20,2023-12-25,10,Delayed
BCH000322,Western Europe,2023-09-14,2023-09-14,4,On-time
BCH000058,East Asia,2023-11-30,2023-11-30,7,On-time
BCH000063,North America,2023-07-19,2023-07-25,3,Delayed
BCH000405,Central America,2023-07-18,2023-07-23,3,Delayed
BCH000061,South Asia,2023-07-07,2023-07-07,6,On-time
BCH000312,South Asia,2023-08-04,2023-08-09,6,Delayed
BCH000324,Eastern Europe,2023-09-23,2023-09-24,6,On-time
BCH000543,South Asia,2023-12-22,2023-12-26,6,Delayed
BCH000416,Western Europe,2023-09-29,2023-10-02,6,Delayed
BCH000276,Western Europe,2023-08-20,2023-08-25,4,Delayed
BCH000527,East Asia,2023-07-31,2023-08-02,7,Delayed
BCH000254,Eastern Europe,2023-08-25,2023-08-25,5,On-time
BCH000003,South Asia,2023-08-30,2023-09-02,6,Delayed
BCH000357,North America,2023-07-12,2023-07-12,2,On-time
BCH000077,Central America,2023-10-01,2023-10-02,4,On-time
BCH000072,Eastern Europe,2023-12-29,2024-01-04,8,Delayed
BCH000629,South America,2023-07-14,2023-07-14,3,On-time
BCH000518,Western Europe,2023-11-23,2023-11-23,4,On-time
BCH000319,Central America,2023-08-16,2023-08-16,3,On-time
BCH000709,Central America,2023-08-22,2023-08-22,3,On-time
BCH000214,East Asia,2023-09-03,2023-09-07,11,Delayed
BCH000201,North America,2023-11-18,2023-11-21,5,Delayed
BCH000371,South America,2023-12-16,2023-12-16,3,On-time
BCH000423,Eastern Europe,2023-11-19,2023-11-19,5,On-time
BCH000632,Eastern Europe,2023-08-19,2023-08-19,5,On-time
BCH000339,North America,2023-12-14,2023-12-18,6,Delayed
BCH000716,Eastern Europe,2023-08-01,2023-08-11,9,Delayed
BCH000748,Eastern Europe,2023-09-30,2023-10-01,6,On-time
BCH000088,East Asia,2023-12-10,2023-12-13,7,Delayed
BCH000429,Central America,2023-10-06,2023-10-09,6,Delayed
BCH000189,North America,2023-08-30,2023-08-30,2,On-time
BCH000307,Eastern Europe,2023-08-16,2023-08-16,5,On-time
BCH000752,Western Europe,2023-07-29,2023-07-29,4,On-time
BCH000297,North America,2023-08-19,2023-08-19,2,On-time
BCH000006,Eastern Europe,2023-10-27,2023-10-28,5,On-time
BCH000289,East Asia,2023-08-10,2023-08-11,8,On-time
BCH000146,Western Europe,2023-08-08,2023-08-09,4,On-time
BCH000490,South Asia,2023-12-25,2023-12-30,7,Delayed
BCH000061,South America,2023-07-04,2023-07-04,3,On-time
BCH000597,South America,2023-12-26,2023-12-27,4,On-time
BCH000396,Western Europe,2023-07-16,2023-07-17,4,On-time
BCH000504,Western Europe,2023-07-30,2023-07-30,4,On-time
BCH000179,Central America,2023-12-29,2024-01-06,4,Delayed
BCH000630,East Asia,2023-07-15,2023-07-16,8,On-time
BCH000157,Central America,2023-08-13,2023-08-18,6,Delayed
BCH000792,Western Europe,2023-07-30,2023-07-31,5,On-time
BCH000320,South Asia,2023-07-08,2023-07-10,7,Delayed
BCH000387,Central America,2023-07-07,2023-07-07,3,On-time
BCH000170,Central America,2023-11-14,2023-11-15,3,On-time
BCH000701,Western Europe,2023-11-18,2023-11-19,5,On-time
BCH000554,Western Europe,2023-11-27,2023-12-02,4,Delayed
BCH000648,Central America,2023-09-10,2023-09-10,3,On-time
BCH000133,East Asia,2023-10-11,2023-10-17,7,Delayed
BCH000763,Eastern Europe,2023-07-13,2023-07-20,5,Delayed
BCH000347,North America,2023-09-05,2023-09-05,2,On-time
BCH000323,North America,2023-09-02,2023-09-03,3,On-time
BCH000395,Western Europe,2023-07-27,2023-07-27,4,On-time
BCH000407,South Asia,2023-08-19,2023-08-23,10,Delayed
BCH000299,Eastern Europe,2023-08-22,2023-08-23,5,On-time
BCH000327,Western Europe,2023-09-15,2023-09-15,4,On-time
BCH000004,Central America,2023-11-26,2023-11-26,3,On-time
BCH000118,South America,2023-11-04,2023-11-07,3,Delayed
BCH000433,Western Europe,2023-09-18,2023-09-18,4,On-time
BCH000166,Eastern Europe,2023-10-17,2023-10-19,5,Delayed
BCH000252,South America,2023-10-10,2023-10-14,5,Delayed
BCH000399,South America,2023-10-13,2023-10-13,3,On-time
BCH000467,South Asia,2023-12-13,2023-12-17,6,Delayed
BCH000633,South Asia,2023-10-21,2023-10-28,10,Delayed
BCH000538,Western Europe,2023-08-19,2023-08-24,4,Delayed
BCH000392,South America,2023-08-19,2023-08-24,4,Delayed
BCH000467,North America,2023-12-09,2023-12-13,2,Delayed
BCH000762,Eastern Europe,2023-08-29,2023-09-04,6,Delayed
BCH000752,Western Europe,2023-07-29,2023-07-29,4,On-time
BCH000367,South America,2023-07-27,2023-08-03,3,Delayed
BCH000425,Central America,2023-12-21,2023-12-22,3,On-time
BCH000757,South America,2023-09-05,2023-09-13,3,Delayed
BCH000578,East Asia,2023-12-23,2023-12-23,7,On-time
BCH000545,East Asia,2023-12-08,2023-12-12,7,Delayed
BCH000123,Western Europe,2023-11-20,2023-11-23,4,Delayed
BCH000171,East Asia,2023-08-13,2023-08-15,7,Delayed
BCH000705,Western Europe,2023-08-21,2023-08-22,4,On-time
BCH000780,North America,2023-12-04,2023-12-07,2,Delayed
BCH000157,North America,2023-08-12,2023-08-14,2,Delayed
BCH000743,South America,2023-12-25,2023-12-25,3,On-time
BCH000059,South America,2023-09-26,2023-09-27,3,On-time
BCH000111,North America,2023-11-16,2023-11-16,2,On-time
BCH000231,South Asia,2023-11-04,2023-11-04,6,On-time
BCH000468,East Asia,2023-08-05,2023-08-09,7,Delayed
BCH000600,Western Europe,2023-09-11,2023-09-12,5,On-time
BCH000705,South America,2023-08-20,2023-08-21,3,On-time
BCH000665,Eastern Europe,2023-11-04,2023-11-05,6,On-time
BCH000033,South America,2023-08-03,2023-08-08,6,Delayed
BCH000741,East Asia,2023-08-10,2023-08-12,8,Delayed
BCH000099,South America,2023-10-23,2023-10-23,3,On-time
BCH000442,Eastern Europe,2023-09-15,2023-09-18,5,Delayed
BCH000238,South America,2023-10-27,2023-10-31,4,Delayed
BCH000377,South Asia,2023-08-03,2023-08-03,6,On-time
BCH000493,South America,2023-08-16,2023-08-17,3,On-time
BCH000411,North America,2023-12-09,2023-12-14,2,Delayed
BCH000642,South Asia,2023-09-19,2023-09-19,6,On-time
BCH000611,South Asia,2023-08-12,2023-08-12,6,On-time
BCH000000,Central America,2023-11-30,2023-12-04,7,Delayed
BCH000544,South America,2023-07-22,2023-07-22,3,On-time
BCH000290,East Asia,2024-01-02,2024-01-02,7,On-time
BCH000242,Central America,2023-09-18,2023-09-25,6,Delayed
BCH000577,South Asia,2023-11-28,2023-11-29,7,On-time
BCH000439,Western Europe,2023-11-15,2023-11-16,5,On-time
BCH000473,South Asia,2023-10-02,2023-10-04,7,Delayed
BCH000426,North America,2023-10-23,2023-10-23,2,On-time
BCH000761,Central America,2023-07-07,2023-07-10,3,Delayed
BCH000332,North America,2023-11-07,2023-11-07,2,On-time
BCH000129,Eastern Europe,2023-10-01,2023-10-01,5,On-time
BCH000092,South America,2023-11-12,2023-11-16,4,Delayed
BCH000650,South America,2023-09-17,2023-09-18,4,On-time
BCH000397,Eastern Europe,2023-11-24,2023-11-25,6,On-time
BCH000443,Western Europe,2023-09-30,2023-10-01,5,On-time
BCH000738,Central America,2023-10-09,2023-10-10,3,On-time
BCH000067,East Asia,2023-08-01,2023-08-08,10,Delayed
BCH000767,South America,2023-12-03,2023-12-04,3,On-time
BCH000136,Western Europe,2023-10-31,2023-11-01,4,On-time
BCH000277,Central America,2023-08-09,2023-08-12,3,Delayed
BCH000208,Eastern Europe,2023-11-05,2023-11-05,5,On-time
BCH000570,Eastern Europe,2023-11-25,2023-11-27,7,Delayed
BCH000732,North America,2023-09-25,2023-10-03,2,Delayed
BCH000051,Eastern Europe,2023-12-25,2023-12-25,5,On-time
BCH000223,Western Europe,2023-12-15,2023-12-15,4,On-time
BCH000098,North America,2023-08-22,2023-08-23,2,On-time
BCH000230,Eastern Europe,2023-09-14,2023-09-14,5,On-time
BCH000682,East Asia,2023-08-10,2023-08-13,7,Delayed
BCH000250,Western Europe,2023-08-03,2023-08-03,4,On-time
BCH000109,South Asia,2023-12-08,2023-12-08,6,On-time
BCH000373,South Asia,2023-07-18,2023-07-19,7,On-time
BCH000549,South America,2023-11-26,2023-11-27,3,On-time
BCH000528,Eastern Europe,2023-07-19,2023-07-19,5,On-time
BCH000101,East Asia,2023-07-12,2023-07-14,7,Delayed
BCH000360,North America,2023-08-30,2023-09-03,3,Delayed
BCH000728,Central America,2023-09-11,2023-09-12,4,On-time
BCH000123,Western Europe,2023-11-20,2023-11-25,6,Delayed
BCH000022,South America,2023-10-16,2023-10-18,3,Delayed
BCH000452,South America,2023-11-30,2023-12-04,5,Delayed
BCH000144,South America,2023-07-17,2023-07-17,3,On-time
BCH000673,Eastern Europe,2023-08-20,2023-08-20,5,On-time
BCH000517,North America,2023-08-28,2023-08-28,2,On-time
BCH000325,Western Europe,2023-09-21,2023-09-21,4,On-time
BCH000440,Central America,2023-12-22,2023-12-23,4,On-time
BCH000127,North America,2023-07-09,2023-07-09,2,On-time
BCH000661,South Asia,2023-12-18,2023-12-28,10,Delayed
BCH000106,Western Europe,2023-11-22,2023-11-23,5,On-time
BCH000130,Eastern Europe,2023-11-23,2023-11-24,5,On-time
BCH000004,Western Europe,2023-11-27,2023-11-29,6,Delayed
BCH000521,South America,2023-11-09,2023-11-10,4,On-time
BCH000398,East Asia,2023-11-03,2023-11-10,7,Delayed
BCH000607,South America,2023-08-26,2023-08-26,3,On-time
BCH000674,Central America,2023-12-20,2023-12-26,4,Delayed
BCH000054,Central America,2023-09-15,2023-09-16,3,On-time
BCH000558,South America,2023-08-06,2023-08-07,4,On-time
BCH000365,East Asia,2023-10-14,2023-10-14,7,On-time
BCH000179,Western Europe,2023-12-30,2024-01-06,4,Delayed
BCH000109,Eastern Europe,2023-12-07,2023-12-07,5,On-time
BCH000644,East Asia,2023-12-21,2023-12-21,7,On-time
BCH000176,Western Europe,2023-11-06,2023-11-13,6,Delayed
BCH000164,South America,2023-10-02,2023-10-02,3,On-time
BCH000159,Eastern Europe,2023-10-11,2023-10-19,5,Delayed
BCH000539,Eastern Europe,2023-12-26,2023-12-26,5,On-time
BCH000098,Eastern Europe,2023-08-25,2023-08-26,5,On-time
BCH000799,North America,2023-12-09,2023-12-11,3,Delayed
BCH000362,Western Europe,2023-07-11,2023-07-12,4,On-time
BCH000536,Eastern Europe,2023-10-14,2023-10-15,6,On-time
BCH000318,Western Europe,2023-12-01,2023-12-03,5,Delayed
BCH000138,East Asia,2023-11-24,2023-12-04,9,Delayed
BCH000031,South America,2023-12-15,2023-12-21,3,Delayed
BCH000497,North America,2023-09-21,2023-09-24,2,Delayed
BCH000080,South Asia,2023-08-09,2023-08-09,6,On-time
BCH000635,East Asia,2023-11-10,2023-11-12,7,Delayed
BCH000042,Central America,2023-08-03,2023-08-04,3,On-time
BCH000359,East Asia,2023-07-14,2023-07-14,7,On-time
BCH000571,Central America,2023-12-27,2023-12-28,3,On-time
BCH000453,Eastern Europe,2023-11-12,2023-11-14,5,Delayed
BCH000349,Central America,2023-07-05,2023-07-05,3,On-time
BCH000704,Western Europe,2023-10-26,2023-10-26,4,On-time
BCH000326,Eastern Europe,2023-07-13,2023-07-17,5,Delayed
BCH000018,South America,2023-11-02,2023-11-04,4,Delayed
BCH000369,Eastern Europe,2023-07-31,2023-07-31,5,On-time
BCH000623,Central America,2023-07-29,2023-07-29,3,On-time
BCH000452,Eastern Europe,2023-12-02,2023-12-06,7,Delayed
BCH000503,Western Europe,2023-09-24,2023-09-24,4,On-time
BCH000566,North America,2023-08-18,2023-08-18,2,On-time
BCH000755,North America,2023-07-09,2023-07-11,2,Delayed
BCH000260,East Asia,2023-12-16,2023-12-17,8,On-time
BCH000039,South Asia,2023-12-11,2023-12-19,7,Delayed
BCH000291,Eastern Europe,2023-09-10,2023-09-10,5,On-time
BCH000414,North America,2023-11-02,2023-11-02,2,On-time
BCH000750,South Asia,2023-08-04,2023-08-06,7,Delayed
BCH000514,South Asia,2023-07-08,2023-07-08,6,On-time
BCH000754,Western Europe,2023-09-18,2023-09-18,4,On-time
BCH000200,Eastern Europe,2023-11-16,2023-11-17,6,On-time
BCH000653,North America,2023-10-13,2023-10-15,4,Delayed
BCH000580,East Asia,2023-11-28,2023-11-30,7,Delayed
BCH000776,East Asia,2023-08-11,2023-08-11,7,On-time
BCH000333,South Asia,2023-09-26,2023-09-27,7,On-time
BCH000300,North America,2023-09-28,2023-09-29,2,On-time
BCH000675,Eastern Europe,2023-10-19,2023-10-20,6,On-time
BCH000132,Western Europe,2023-08-13,2023-08-14,4,On-time
BCH000012,Western Europe,2023-11-03,2023-11-03,4,On-time
BCH000583,Central America,2023-08-12,2023-08-20,6,Delayed
BCH000474,South Asia,2023-08-11,2023-08-15,6,Delayed
BCH000784,Central America,2023-07-14,2023-07-21,4,Delayed
BCH000565,South America,2023-08-03,2023-08-09,3,Delayed
BCH000279,Central America,2023-12-07,2023-12-07,3,On-time
BCH000062,North America,2023-07-29,2023-08-07,4,Delayed
BCH000046,Central America,2023-07-13,2023-07-13,3,On-time
BCH000383,Eastern Europe,2023-08-12,2023-08-12,5,On-time
BCH000206,East Asia,2023-08-08,2023-08-09,8,On-time
BCH000217,North America,2023-08-23,2023-09-02,6,Delayed
BCH000275,Eastern Europe,2023-07-15,2023-07-21,7,Delayed
BCH000270,South Asia,2023-09-11,2023-09-12,6,On-time
BCH000724,Eastern Europe,2023-10-21,2023-10-22,6,On-time
BCH000212,North America,2023-07-12,2023-07-15,5,Delayed
BCH000280,Eastern Europe,2023-08-15,2023-08-15,5,On-time
BCH000501,South America,2023-09-04,2023-09-04,3,On-time
BCH000462,Western Europe,2023-09-08,2023-09-08,4,On-time
BCH000549,North America,2023-11-25,2023-11-26,2,On-time
BCH000680,Eastern Europe,2023-07-08,2023-07-17,6,Delayed
BCH000509,North America,2023-07-22,2023-07-25,2,Delayed
BCH000342,North America,2023-11-06,2023-11-08,4,Delayed
BCH000299,South Asia,2023-08-23,2023-08-24,6,On-time
BCH000652,South Asia,2023-07-15,2023-07-15,6,On-time
BCH000548,North America,2023-08-28,2023-09-01,6,Delayed
BCH000284,South Asia,2023-07-08,2023-07-09,7,On-time
BCH000312,South America,2023-08-01,2023-08-06,3,Delayed
BCH000055,Central America,2023-09-04,2023-09-08,4,Delayed
BCH000721,Western Europe,2023-10-26,2023-10-30,5,Delayed
BCH000373,North America,2023-07-14,2023-07-14,2,On-time
BCH000450,South Asia,2023-12-12,2023-12-13,6,On-time
BCH000084,East Asia,2023-12-11,2023-12-14,10,Delayed
BCH000315,Eastern Europe,2023-07-18,2023-07-25,5,Delayed
BCH000066,Central America,2023-09-30,2023-10-01,4,On-time
BCH000750,Western Europe,2023-08-02,2023-08-03,4,On-time
BCH000708,Western Europe,2023-12-28,2023-12-29,5,On-time
BCH000687,North America,2023-08-21,2023-08-21,2,On-time
BCH000497,Eastern Europe,2023-09-24,2023-09-29,7,Delayed
BCH000007,East Asia,2023-09-27,2023-09-27,7,On-time
BCH000301,South America,2023-11-07,2023-11-10,6,Delayed
BCH000715,Western Europe,2023-07-22,2023-07-23,4,On-time
BCH000032,North America,2023-08-12,2023-08-12,2,On-time
BCH000125,South America,2023-07-29,2023-07-31,3,Delayed
BCH000315,South Asia,2023-07-19,2023-07-27,7,Delayed
BCH000614,East Asia,2023-12-10,2023-12-10,7,On-time
BCH000321,South America,2023-07-17,2023-07-18,4,On-time
BCH000721,South America,2023-10-25,2023-10-28,3,Delayed
BCH000783,North America,2023-11-12,2023-11-13,3,On-time
BCH000603,Western Europe,2023-10-19,2023-10-27,5,Delayed
BCH000628,North America,2023-07-27,2023-07-27,2,On-time
BCH000195,South America,2023-11-22,2023-11-25,6,Delayed
BCH000258,South Asia,2023-09-01,2023-09-04,9,Delayed
BCH000010,South America,2023-08-21,2023-08-21,3,On-time
BCH000511,Central America,2023-10-23,2023-10-27,3,Delayed
BCH000248,South America,2023-08-13,2023-08-16,3,Delayed
BCH000615,North America,2023-12-30,2024-01-01,2,Delayed
BCH000166,East Asia,2023-10-19,2023-10-23,9,Delayed
BCH000134,North America,2023-12-08,2023-12-10,3,Delayed
BCH000073,North America,2023-09-30,2023-10-01,2,On-time
BCH000388,South Asia,2023-11-22,2023-11-23,6,On-time
BCH000016,East Asia,2023-08-01,2023-08-01,7,On-time
BCH000272,East Asia,2023-12-27,2023-12-27,7,On-time
BCH000546,East Asia,2023-09-13,2023-09-14,7,On-time
BCH000704,East Asia,2023-10-29,2023-10-29,7,On-time
BCH000574,Eastern Europe,2023-08-09,2023-08-11,7,Delayed
BCH000261,Eastern Europe,2023-08-08,2023-08-08,5,On-time
BCH000324,North America,2023-09-20,2023-09-20,2,On-time
BCH000707,South Asia,2023-12-25,2023-12-27,7,Delayed
BCH000682,Western Europe,2023-08-07,2023-08-10,4,Delayed
BCH000151,Eastern Europe,2023-09-11,2023-09-11,5,On-time
BCH000512,South Asia,2023-12-14,2023-12-18,10,Delayed
BCH000069,South Asia,2023-09-28,2023-10-01,9,Delayed
BCH000448,East Asia,2023-08-08,2023-08-09,8,On-time
BCH000051,South Asia,2023-12-26,2023-12-26,6,On-time
BCH000505,North America,2023-08-08,2023-08-08,2,On-time
BCH000216,South Asia,2023-10-11,2023-10-12,6,On-time
BCH000655,North America,2023-09-22,2023-09-22,2,On-time
BCH000325,Eastern Europe,2023-09-22,2023-09-23,6,On-time
BCH000116,North America,2023-09-16,2023-09-20,4,Delayed
BCH000056,Central America,2023-11-02,2023-11-03,4,On-time
BCH000595,North America,2023-11-13,2023-11-16,2,Delayed
BCH000334,East Asia,2023-08-11,2023-08-13,7,Delayed
BCH000140,Eastern Europe,2023-09-24,2023-09-30,9,Delayed
BCH000206,East Asia,2023-08-08,2023-08-08,7,On-time
BCH000178,Eastern Europe,2023-07-27,2023-07-29,7,Delayed
BCH000363,Central America,2023-09-10,2023-09-14,5,Delayed
BCH000417,Eastern Europe,2023-12-01,2023-12-07,5,Delayed
BCH000087,Eastern Europe,2023-10-07,2023-10-09,6,Delayed
BCH000668,South America,2023-08-31,2023-08-31,3,On-time
BCH000382,Central America,2023-11-13,2023-11-18,3,Delayed
BCH000444,Eastern Europe,2023-10-28,2023-10-31,6,Delayed
BCH000479,Western Europe,2023-09-10,2023-09-12,5,Delayed
BCH000093,South Asia,2023-12-08,2023-12-08,6,On-time
BCH000086,Eastern Europe,2023-12-25,2023-12-25,5,On-time
BCH000353,East Asia,2023-11-08,2023-11-12,9,Delayed
BCH000634,South Asia,2023-12-19,2023-12-20,6,On-time
BCH000043,Western Europe,2023-10-18,2023-10-18,4,On-time
BCH000688,Western Europe,2023-12-07,2023-12-08,4,On-time
BCH000744,South Asia,2023-08-18,2023-08-20,6,Delayed
BCH000281,Western Europe,2023-08-24,2023-08-26,6,Delayed
BCH000203,East Asia,2023-08-05,2023-08-08,7,Delayed
BCH000035,East Asia,2023-08-04,2023-08-09,7,Delayed
BCH000268,South America,2023-07-10,2023-07-10,3,On-time
BCH000145,Central America,2023-08-07,2023-08-07,3,On-time
BCH000075,South America,2023-09-05,2023-09-14,4,Delayed
BCH000683,Central America,2023-10-01,2023-10-07,3,Delayed
BCH000670,North America,2023-10-23,2023-10-24,3,On-time
BCH000599,Western Europe,2023-09-26,2023-09-28,4,Delayed
BCH000199,South Asia,2023-07-20,2023-07-20,6,On-time
BCH000332,South America,2023-11-08,2023-11-08,3,On-time
BCH000733,Western Europe,2023-11-08,2023-11-16,5,Delayed
BCH000233,Central America,2023-11-14,2023-11-15,3,On-time
BCH000262,South Asia,2023-09-04,2023-09-06,8,Delayed
BCH000487,Western Europe,2023-08-29,2023-09-04,4,Delayed
BCH000240,North America,2023-10-21,2023-10-31,6,Delayed
BCH000112,South Asia,2023-10-19,2023-10-20,6,On-time
BCH000092,East Asia,2023-11-16,2023-11-19,7,Delayed
BCH000639,East Asia,2023-10-25,2023-10-29,7,Delayed
BCH000672,Central America,2023-11-13,2023-11-13,3,On-time
BCH000038,Western Europe,2023-08-25,2023-08-31,7,Delayed
BCH000270,North America,2023-09-07,2023-09-09,3,Delayed
BCH000755,Central America,2023-07-10,2023-07-13,4,Delayed
BCH000108,Western Europe,2023-10-14,2023-10-14,4,On-time
BCH000351,Central America,2023-09-13,2023-09-13,3,On-time
BCH000304,North America,2023-08-13,2023-08-14,2,On-time
BCH000597,North America,2023-12-25,2023-12-25,2,On-time
BCH000245,South Asia,2023-10-22,2023-10-23,6,On-time
BCH000013,Central America,2023-09-25,2023-09-27,5,Delayed
BCH000660,Central America,2023-11-30,2023-12-02,5,Delayed
BCH000643,Western Europe,2023-07-24,2023-07-26,4,Delayed
BCH000660,North America,2023-11-29,2023-11-30,3,On-time
BCH000309,Eastern Europe,2023-11-15,2023-11-19,5,Delayed
BCH000400,South Asia,2023-09-12,2023-09-21,8,Delayed
BCH000504,Western Europe,2023-07-30,2023-07-30,4,On-time
BCH000030,Central America,2023-09-23,2023-09-24,4,On-time
BCH000131,Central America,2023-08-05,2023-08-05,3,On-time
BCH000184,North America,2023-08-16,2023-08-18,4,Delayed
BCH000678,Western Europe,2023-12-11,2023-12-11,4,On-time
BCH000546,Central America,2023-09-09,2023-09-10,3,On-time
BCH000612,Eastern Europe,2023-11-23,2023-11-27,5,Delayed
BCH000703,Eastern Europe,2023-12-31,2023-12-31,5,On-time
BCH000117,East Asia,2023-11-01,2023-11-06,7,Delayed
BCH000482,Western Europe,2023-09-01,2023-09-02,5,On-time
BCH000219,South America,2023-10-23,2023-11-02,6,Delayed
BCH000470,North America,2023-10-23,2023-10-24,2,On-time
BCH000629,Eastern Europe,2023-07-16,2023-07-20,9,Delayed
BCH000424,Western Europe,2023-08-30,2023-09-01,4,Delayed
BCH000645,Central America,2023-11-16,2023-11-17,4,On-time
BCH000012,East Asia,2023-11-06,2023-11-06,7,On-time
BCH000094,Eastern Europe,2023-09-06,2023-09-06,5,On-time
BCH000246,East Asia,2023-07-12,2023-07-12,7,On-time
BCH000193,South Asia,2023-10-15,2023-10-15,6,On-time
BCH000537,South America,2023-10-24,2023-10-24,3,On-time
BCH000784,Central America,2023-07-14,2023-07-21,4,Delayed
BCH000142,Eastern Europe,2023-08-30,2023-09-03,8,Delayed
BCH000085,North America,2023-10-03,2023-10-03,2,On-time
BCH000502,Western Europe,2023-11-12,2023-11-12,4,On-time
BCH000454,Eastern Europe,2023-07-21,2023-07-23,5,Delayed
BCH000135,Central America,2023-08-24,2023-08-25,4,On-time
BCH000230,Western Europe,2023-09-13,2023-09-13,4,On-time
BCH000615,South Asia,2024-01-03,2024-01-05,6,Delayed
BCH000581,East Asia,2023-12-23,2023-12-27,11,Delayed
BCH000760,Eastern Europe,2023-07-19,2023-07-24,5,Delayed
BCH000560,North America,2023-08-14,2023-08-15,2,On-time
BCH000542,Central America,2023-07-31,2023-08-02,3,Delayed
BCH000386,East Asia,2023-12-11,2023-12-11,7,On-time
BCH000283,East Asia,2023-11-17,2023-11-24,7,Delayed
BCH000034,North America,2023-07-08,2023-07-12,4,Delayed
BCH000742,North America,2023-07-21,2023-07-24,5,Delayed
BCH000119,North America,2023-07-26,2023-07-27,3,On-time
BCH000604,Central America,2023-12-28,2023-12-29,3,On-time
BCH000129,Eastern Europe,2023-10-01,2023-10-02,6,On-time
BCH000011,North America,2023-10-12,2023-10-14,2,Delayed
BCH000381,South America,2023-11-03,2023-11-03,3,On-time
BCH000037,Western Europe,2023-11-15,2023-11-17,5,Delayed
BCH000142,South America,2023-08-28,2023-08-29,3,On-time
BCH000687,Western Europe,2023-08-23,2023-08-24,5,On-time
BCH000385,Western Europe,2023-08-16,2023-08-17,4,On-time
BCH000556,South Asia,2023-11-08,2023-11-08,6,On-time
BCH000560,Eastern Europe,2023-08-17,2023-08-18,5,On-time
BCH000358,North America,2023-11-18,2023-11-24,2,Delayed
BCH000215,East Asia,2023-10-18,2023-10-18,7,On-time
BCH000586,Western Europe,2023-12-27,2023-12-28,4,On-time
BCH000535,South America,2023-11-21,2023-11-22,3,On-time
BCH000168,Eastern Europe,2023-09-06,2023-09-06,5,On-time
BCH000020,South America,2023-08-26,2023-08-27,4,On-time
BCH000658,Eastern Europe,2023-12-02,2023-12-02,5,On-time
BCH000328,South America,2023-12-19,2023-12-21,3,Delayed
BCH000777,North America,2023-10-17,2023-10-21,6,Delayed
BCH000278,Eastern Europe,2023-07-21,2023-07-24,8,Delayed
BCH000172,Western Europe,2023-11-15,2023-11-17,4,Delayed
BCH000029,South America,2023-11-21,2023-11-21,3,On-time
BCH000506,Central America,2023-12-22,2023-12-23,4,On-time
BCH000785,Western Europe,2023-07-07,2023-07-11,5,Delayed
BCH000284,Western Europe,2023-07-06,2023-07-09,7,Delayed
BCH000350,South Asia,2023-12-11,2023-12-11,6,On-time
BCH000786,East Asia,2023-11-05,2023-11-06,8,On-time
BCH000520,North America,2023-10-21,2023-10-22,2,On-time
BCH000696,North America,2023-12-30,2023-12-30,2,On-time
BCH000575,North America,2023-07-30,2023-07-31,3,On-time
BCH000696,Western Europe,2024-01-01,2024-01-01,4,On-time
BCH000144,South Asia,2023-07-20,2023-07-20,6,On-time
BCH000699,Eastern Europe,2023-11-21,2023-11-29,8,Delayed
BCH000706,Western Europe,2023-11-28,2023-11-28,4,On-time
BCH000375,East Asia,2023-08-19,2023-08-23,8,Delayed
BCH000787,South America,2023-10-23,2023-10-26,4,Delayed
BCH000680,Eastern Europe,2023-07-08,2023-07-16,5,Delayed
BCH000432,South Asia,2024-01-03,2024-01-14,9,Delayed
BCH000121,South Asia,2023-12-10,2023-12-11,6,On-time
BCH000514,Eastern Europe,2023-07-07,2023-07-07,5,On-time
BCH000122,South Asia,2023-09-11,2023-09-13,8,Delayed
BCH000536,South Asia,2023-10-15,2023-10-15,6,On-time
BCH000573,Western Europe,2023-12-22,2023-12-24,5,Delayed
BCH000115,East Asia,2023-10-24,2023-10-24,7,On-time
BCH000557,North America,2023-11-13,2023-11-14,3,On-time
BCH000725,East Asia,2023-12-16,2023-12-17,8,On-time
BCH000613,Western Europe,2023-09-30,2023-09-30,4,On-time
BCH000082,East Asia,2023-10-30,2023-10-30,7,On-time
BCH000169,South America,2023-12-15,2023-12-17,3,Delayed
BCH000562,Central America,2023-10-18,2023-10-18,3,On-time
BCH000076,North America,2023-12-03,2023-12-07,6,Delayed
BCH000318,Eastern Europe,2023-12-02,2023-12-06,8,Delayed
BCH000316,Western Europe,2023-08-03,2023-08-07,5,Delayed
BCH000691,East Asia,2023-08-06,2023-08-09,10,Delayed
BCH000437,East Asia,2023-11-23,2023-11-27,7,Delayed
BCH000635,South America,2023-11-06,2023-11-12,7,Delayed
BCH000508,North America,2023-10-21,2023-10-23,2,Delayed
BCH000088,South America,2023-12-06,2023-12-10,4,Delayed
BCH000040,Western Europe,2023-08-11,2023-08-11,4,On-time
BCH000114,South America,2023-09-16,2023-09-18,3,Delayed
BCH000307,North America,2023-08-13,2023-08-13,2,On-time
BCH000773,South Asia,2023-07-16,2023-07-16,6,On-time
BCH000155,Eastern Europe,2023-09-06,2023-09-13,5,Delayed
BCH000498,North America,2023-09-11,2023-09-12,3,On-time
BCH000690,East Asia,2023-08-13,2023-08-18,7,Delayed
BCH000618,Central America,2023-07-15,2023-07-15,3,On-time
BCH000005,Central America,2023-11-26,2023-11-26,3,On-time
BCH000659,East Asia,2023-10-30,2023-10-30,7,On-time
BCH000028,South America,2023-11-19,2023-11-21,3,Delayed
BCH000339,North America,2023-12-14,2023-12-15,3,On-time
BCH000492,South Asia,2023-11-07,2023-11-07,6,On-time
BCH000192,Central America,2023-08-05,2023-08-07,5,Delayed
BCH000232,South Asia,2023-11-23,2023-11-23,6,On-time
BCH000606,South Asia,2023-07-25,2023-08-02,10,Delayed
BCH000425,Western Europe,2023-12-22,2023-12-23,4,On-time
BCH000468,East Asia,2023-08-05,2023-08-09,7,Delayed
BCH000579,Western Europe,2023-11-28,2023-11-30,4,Delayed
BCH000780,Central America,2023-12-05,2023-12-08,3,Delayed
BCH000198,South Asia,2023-09-23,2023-09-26,9,Delayed
BCH000458,South America,2023-11-13,2023-11-17,3,Delayed
BCH000227,Central America,2023-09-30,2023-10-02,3,Delayed
BCH000313,North America,2023-12-11,2023-12-11,2,On-time
BCH000113,North America,2023-07-26,2023-08-04,5,Delayed
BCH000641,Central America,2023-09-25,2023-09-25,3,On-time
BCH000483,South America,2023-08-02,2023-08-05,3,Delayed
BCH000727,South Asia,2023-12-28,2023-12-30,7,Delayed
BCH000410,Western Europe,2023-08-09,2023-08-10,5,On-time
BCH000643,Central America,2023-07-23,2023-07-26,4,Delayed
BCH000363,South America,2023-09-10,2023-09-13,4,Delayed
BCH000540,North America,2023-09-19,2023-09-21,2,Delayed
BCH000111,South America,2023-11-17,2023-11-17,3,On-time
BCH000110,Central America,2023-11-03,2023-11-04,3,On-time
BCH000588,South America,2023-09-11,2023-09-12,4,On-time
BCH000759,South America,2023-11-04,2023-11-10,3,Delayed
BCH000601,North America,2023-11-25,2023-11-27,2,Delayed
BCH000499,South America,2023-10-07,2023-10-07,3,On-time
BCH000267,Central America,2023-08-25,2023-08-29,6,Delayed
BCH000346,Central America,2023-12-30,2023-12-31,4,On-time
BCH000249,Central America,2023-07-27,2023-07-31,3,Delayed
BCH000138,South America,2023-11-20,2023-11-28,3,Delayed
BCH000091,East Asia,2023-12-03,2023-12-04,8,On-time
BCH000698,Western Europe,2023-12-07,2023-12-12,8,Delayed
BCH000456,North America,2023-09-17,2023-09-18,2,On-time
BCH000108,East Asia,2023-10-17,2023-10-17,7,On-time
BCH000571,Eastern Europe,2023-12-29,2023-12-30,5,On-time
BCH000782,Central America,2023-12-26,2023-12-28,5,Delayed
BCH000146,East Asia,2023-08-11,2023-08-13,8,Delayed
BCH000457,South Asia,2023-09-14,2023-09-14,6,On-time
BCH000213,South America,2023-10-29,2023-10-29,3,On-time
BCH000224,South America,2023-08-06,2023-08-06,3,On-time
BCH000681,Central America,2023-07-15,2023-07-15,3,On-time
BCH000305,Central America,2023-12-30,2023-12-30,3,On-time
BCH000091,North America,2023-11-28,2023-11-29,3,On-time
BCH000137,South Asia,2023-08-18,2023-08-27,7,Delayed
BCH000150,East Asia,2023-11-15,2023-11-17,7,Delayed
BCH000328,South Asia,2023-12-22,2023-12-24,6,Delayed
BCH000185,South Asia,2023-12-21,2023-12-23,8,Delayed
BCH000314,South America,2023-10-09,2023-10-17,3,Delayed
BCH000631,Western Europe,2023-08-01,2023-08-02,4,On-time
BCH000621,Central America,2023-08-28,2023-09-01,4,Delayed
BCH000740,South America,2023-09-06,2023-09-06,3,On-time
BCH000624,North America,2023-08-06,2023-08-06,2,On-time
BCH000726,South Asia,2023-12-14,2023-12-18,7,Delayed
BCH000096,North America,2023-12-03,2023-12-05,3,Delayed
BCH000481,Eastern Europe,2023-08-29,2023-08-30,6,On-time
BCH000306,North America,2023-09-16,2023-09-19,3,Delayed
BCH000768,East Asia,2023-11-05,2023-11-05,7,On-time
BCH000627,Central America,2023-09-17,2023-09-17,3,On-time
BCH000559,South Asia,2023-11-14,2023-11-17,9,Delayed
BCH000745,North America,2023-11-24,2023-12-01,2,Delayed
BCH000164,East Asia,2023-10-06,2023-10-06,7,On-time
BCH000484,South Asia,2023-07-21,2023-07-23,6,Delayed
BCH000746,Eastern Europe,2023-09-08,2023-09-11,5,Delayed
BCH000612,Western Europe,2023-11-22,2023-11-26,4,Delayed
BCH000671,North America,2023-07-05,2023-07-05,2,On-time
BCH000749,Central America,2023-07-30,2023-08-01,4,Delayed
BCH000469,North America,2023-11-16,2023-11-17,3,On-time
BCH000686,South America,2023-09-29,2023-09-30,3,On-time
BCH000736,Eastern Europe,2023-09-21,2023-09-25,8,Delayed
BCH000294,North America,2023-07-11,2023-07-16,2,Delayed
BCH000789,Central America,2023-08-11,2023-08-12,3,On-time
BCH000610,Western Europe,2023-08-26,2023-08-26,4,On-time
BCH000380,South America,2023-08-01,2023-08-01,3,On-time
BCH000202,East Asia,2023-10-18,2023-10-19,8,On-time
BCH000669,South Asia,2023-10-14,2023-10-15,7,On-time
BCH000331,North America,2023-11-11,2023-11-15,4,Delayed
BCH000370,East Asia,2023-11-05,2023-11-09,9,Delayed
BCH000083,Eastern Europe,2023-10-24,2023-10-24,5,On-time
BCH000524,North America,2023-07-06,2023-07-09,2,Delayed
BCH000174,Eastern Europe,2023-12-24,2023-12-27,6,Delayed
BCH000749,South America,2023-07-30,2023-08-04,7,Delayed
BCH000455,North America,2023-11-28,2023-12-03,3,Delayed
BCH000507,Western Europe,2023-11-25,2023-11-26,5,On-time
BCH000283,East Asia,2023-11-17,2023-11-24,7,Delayed
BCH000502,South America,2023-11-11,2023-11-11,3,On-time
BCH000689,East Asia,2023-09-09,2023-09-15,11,Delayed
BCH000175,Central America,2023-09-19,2023-09-25,4,Delayed
BCH000771,North America,2023-07-18,2023-07-18,2,On-time
BCH000638,Central America,2023-08-04,2023-08-07,3,Delayed
BCH000511,Eastern Europe,2023-10-25,2023-10-29,5,Delayed
BCH000243,Western Europe,2023-09-20,2023-09-27,5,Delayed
BCH000490,Eastern Europe,2023-12-24,2023-12-29,6,Delayed
BCH000311,South Asia,2023-07-31,2023-08-04,9,Delayed
BCH000735,South Asia,2023-08-18,2023-08-21,9,Delayed
BCH000540,South America,2023-09-20,2023-09-22,3,Delayed
BCH000273,Central America,2023-11-05,2023-11-09,7,Delayed
BCH000196,South America,2023-09-05,2023-09-07,3,Delayed
BCH000566,South Asia,2023-08-22,2023-08-23,7,On-time
BCH000472,East Asia,2023-08-11,2023-08-18,7,Delayed
BCH000476,East Asia,2023-12-09,2023-12-09,7,On-time
BCH000215,Eastern Europe,2023-10-16,2023-10-16,5,On-time
BCH000285,Central America,2023-10-24,2023-10-25,3,On-time
BCH000292,South Asia,2023-12-22,2023-12-23,7,On-time
BCH000167,Eastern Europe,2023-08-03,2023-08-04,6,On-time
BCH000779,South America,2023-12-16,2023-12-24,3,Delayed
BCH000664,Eastern Europe,2023-11-17,2023-11-18,5,On-time
BCH000353,East Asia,2023-11-08,2023-11-10,7,Delayed
BCH000267,South Asia,2023-08-28,2023-08-30,7,Delayed
BCH000376,Central America,2023-12-04,2023-12-07,6,Delayed
BCH000482,Central America,2023-08-31,2023-09-01,4,On-time
BCH000796,Central America,2023-11-06,2023-11-06,3,On-time
BCH000603,Western Europe,2023-10-19,2023-10-29,7,Delayed
BCH000756,South Asia,2023-08-03,2023-08-08,10,Delayed
BCH000740,Central America,2023-09-06,2023-09-06,3,On-time
BCH000466,North America,2023-11-25,2023-11-27,2,Delayed
BCH000700,Western Europe,2023-07-30,2023-08-01,6,Delayed
BCH000799,East Asia,2023-12-14,2023-12-15,7,On-time
BCH000488,Eastern Europe,2023-08-03,2023-08-11,6,Delayed
BCH000692,South Asia,2023-09-18,2023-09-22,9,Delayed
BCH000415,Eastern Europe,2023-11-05,2023-11-11,8,Delayed
BCH000515,Eastern Europe,2023-10-15,2023-10-15,5,On-time
BCH000430,Central America,2023-08-11,2023-08-14,3,Delayed
BCH000602,East Asia,2024-01-02,2024-01-09,7,Delayed
BCH000064,East Asia,2023-10-22,2023-10-22,7,On-time
BCH000182,East Asia,2023-10-18,2023-10-22,7,Delayed
BCH000530,South America,2023-07-30,2023-08-01,4,Delayed
BCH000714,South America,2023-12-07,2023-12-07,3,On-time
BCH000120,Central America,2023-09-10,2023-09-16,5,Delayed
BCH000390,Western Europe,2023-08-15,2023-08-18,4,Delayed
BCH000027,Central America,2023-12-05,2023-12-06,4,On-time
BCH000402,Central America,2023-10-24,2023-10-25,3,On-time
BCH000128,Western Europe,2023-08-24,2023-08-25,5,On-time
BCH000495,Eastern Europe,2023-12-22,2023-12-25,7,Delayed
BCH000728,North America,2023-09-10,2023-09-10,2,On-time
BCH000702,Western Europe,2023-12-07,2023-12-13,4,Delayed
BCH000693,Eastern Europe,2023-09-15,2023-09-22,5,Delayed
BCH000772,South Asia,2023-12-23,2023-12-24,7,On-time
BCH000557,South America,2023-11-14,2023-11-14,3,On-time
BCH000070,North America,2023-11-27,2023-11-29,3,Delayed
BCH000419,South Asia,2023-12-13,2023-12-14,7,On-time
BCH000180,East Asia,2023-08-11,2023-08-16,9,Delayed
BCH000564,North America,2023-08-10,2023-08-14,6,Delayed
BCH000657,Eastern Europe,2023-11-21,2023-11-21,5,On-time
BCH000428,Eastern Europe,2023-08-06,2023-08-08,7,Delayed
BCH000523,Eastern Europe,2023-07-21,2023-07-22,6,On-time
BCH000344,Western Europe,2023-08-18,2023-08-23,7,Delayed
BCH000413,South Asia,2023-10-17,2023-10-17,6,On-time
BCH000651,Central America,2023-10-27,2023-10-30,4,Delayed
BCH000718,Eastern Europe,2023-09-16,2023-09-17,6,On-time
BCH000154,East Asia,2023-10-18,2023-10-22,9,Delayed
BCH000298,North America,2023-11-30,2023-11-30,2,On-time
BCH000601,Western Europe,2023-11-27,2023-11-29,4,Delayed
BCH000662,Western Europe,2023-11-22,2023-11-24,5,Delayed
BCH000302,Eastern Europe,2023-10-14,2023-10-15,6,On-time
BCH000582,South Asia,2023-07-16,2023-07-18,8,Delayed
BCH000694,East Asia,2023-12-18,2023-12-19,8,On-time
BCH000162,Central America,2023-11-12,2023-11-12,3,On-time
BCH000003,Central America,2023-08-27,2023-08-30,3,Delayed
BCH000584,Eastern Europe,2023-11-07,2023-11-08,6,On-time
BCH000485,North America,2023-10-29,2023-11-05,3,Delayed
BCH000734,Central America,2023-10-04,2023-10-12,3,Delayed
BCH000459,Central America,2023-12-21,2023-12-25,3,Delayed
BCH000561,Central America,2023-08-20,2023-08-20,3,On-time
BCH000407,East Asia,2023-08-20,2023-08-20,7,On-time
BCH000552,South Asia,2023-07-15,2023-07-16,7,On-time
BCH000747,South Asia,2023-07-30,2023-07-31,6,On-time
BCH000516,East Asia,2023-11-23,2023-11-28,7,Delayed
BCH000073,Eastern Europe,2023-10-03,2023-10-07,8,Delayed
BCH000609,Eastern Europe,2024-01-02,2024-01-03,5,On-time
BCH000554,East Asia,2023-11-30,2023-12-09,11,Delayed
BCH000427,North America,2023-11-21,2023-11-24,2,Delayed
BCH000309,South Asia,2023-11-16,2023-11-20,6,Delayed
BCH000374,Central America,2023-11-17,2023-11-17,3,On-time
BCH000036,Central America,2023-12-05,2023-12-10,3,Delayed
BCH000024,North America,2023-07-04,2023-07-04,2,On-time
BCH000592,South America,2023-10-01,2023-10-01,3,On-time
BCH000637,South Asia,2023-09-03,2023-09-03,6,On-time
BCH000149,Western Europe,2023-08-15,2023-08-18,4,Delayed
BCH000100,Central America,2023-12-26,2023-12-30,3,Delayed
BCH000021,Eastern Europe,2023-10-05,2023-10-06,6,On-time
BCH000751,South Asia,2023-07-21,2023-07-22,7,On-time
BCH000172,South Asia,2023-11-17,2023-11-19,6,Delayed
BCH000364,East Asia,2023-07-29,2023-07-29,7,On-time
BCH000587,Eastern Europe,2023-08-03,2023-08-04,6,On-time
BCH000286,Eastern Europe,2023-10-31,2023-11-03,5,Delayed
BCH000220,North America,2023-12-13,2023-12-13,2,On-time
BCH000316,South America,2023-08-02,2023-08-07,5,Delayed
BCH000510,East Asia,2023-07-21,2023-07-25,7,Delayed
BCH000297,South America,2023-08-20,2023-08-24,7,Delayed
BCH000443,South Asia,2023-10-02,2023-10-02,6,On-time
BCH000372,North America,2023-08-06,2023-08-12,3,Delayed
BCH000104,South America,2023-12-03,2023-12-04,4,On-time
BCH000046,Central America,2023-07-13,2023-07-16,6,Delayed
BCH000352,South Asia,2023-09-06,2023-09-06,6,On-time
BCH000489,South America,2023-07-04,2023-07-07,3,Delayed
BCH000095,East Asia,2023-08-06,2023-08-06,7,On-time
BCH000791,East Asia,2023-09-18,2023-09-18,7,On-time
BCH000388,North America,2023-11-18,2023-11-19,2,On-time
BCH000636,East Asia,2023-10-17,2023-10-19,9,Delayed
BCH000783,South America,2023-11-13,2023-11-13,3,On-time
BCH000048,South America,2023-09-23,2023-09-23,3,On-time
BCH000614,Western Europe,2023-12-07,2023-12-07,4,On-time
BCH000010,Eastern Europe,2023-08-23,2023-08-23,5,On-time
BCH000118,Eastern Europe,2023-11-06,2023-11-12,8,Delayed
BCH000031,Eastern Europe,2023-12-17,2023-12-23,5,Delayed
BCH000366,Central America,2023-10-12,2023-10-12,3,On-time
BCH000287,South America,2023-09-24,2023-09-24,3,On-time
BCH000139,East Asia,2023-07-10,2023-07-10,7,On-time
BCH000580,South Asia,2023-11-27,2023-11-29,6,Delayed
BCH000161,South America,2023-07-21,2023-07-24,3,Delayed
BCH000703,South America,2023-12-29,2023-12-29,3,On-time
BCH000599,North America,2023-09-24,2023-09-27,3,Delayed
BCH000039,East Asia,2023-12-12,2023-12-19,7,Delayed
BCH000669,South America,2023-10-11,2023-10-12,4,On-time
BCH000259,South Asia,2024-01-01,2024-01-04,6,Delayed
BCH000569,North America,2023-07-28,2023-07-30,3,Delayed
BCH000547,East Asia,2023-07-24,2023-08-01,7,Delayed
BCH000551,North America,2023-12-06,2023-12-07,3,On-time
BCH000226,Central America,2023-07-31,2023-08-01,4,On-time
BCH000533,North America,2023-07-18,2023-07-19,2,On-time
BCH000190,North America,2023-07-24,2023-07-27,2,Delayed
BCH000553,Central America,2023-10-20,2023-10-23,3,Delayed
BCH000345,Eastern Europe,2023-12-05,2023-12-11,5,Delayed
BCH000341,Western Europe,2023-10-11,2023-10-15,4,Delayed
BCH000205,Central America,2023-12-02,2023-12-03,4,On-time
BCH000616,East Asia,2023-11-17,2023-11-17,7,On-time
BCH000656,Western Europe,2023-07-23,2023-07-24,5,On-time
BCH000204,South Asia,2023-08-25,2023-08-25,6,On-time
BCH000777,South Asia,2023-10-21,2023-10-21,6,On-time
BCH000149,Eastern Europe,2023-08-16,2023-08-19,5,Delayed
BCH000121,South America,2023-12-07,2023-12-09,4,Delayed
BCH000414,East Asia,2023-11-07,2023-11-07,7,On-time
BCH000555,South America,2023-10-17,2023-10-17,3,On-time
BCH000305,Western Europe,2023-12-31,2023-12-31,4,On-time
BCH000534,Western Europe,2023-12-25,2023-12-27,4,Delayed
BCH000355,Eastern Europe,2023-10-21,2023-10-21,5,On-time
BCH000622,North America,2023-11-12,2023-11-14,4,Delayed
BCH000587,East Asia,2023-08-05,2023-08-05,7,On-time
BCH000077,North America,2023-09-30,2023-09-30,2,On-time
BCH000420,North America,2023-09-29,2023-09-29,2,On-time
BCH000296,North America,2023-08-30,2023-09-02,4,Delayed
BCH000001,South Asia,2023-12-26,2024-01-02,6,Delayed
BCH000765,Western Europe,2023-07-26,2023-07-28,6,Delayed
BCH000794,Western Europe,2023-10-31,2023-10-31,4,On-time
BCH000418,Western Europe,2023-12-28,2023-12-30,5,Delayed
BCH000710,South America,2023-07-21,2023-07-21,3,On-time
BCH000060,South Asia,2023-08-12,2023-08-12,6,On-time
BCH000153,South Asia,2023-07-11,2023-07-18,6,Delayed
BCH000026,Eastern Europe,2023-11-13,2023-11-15,6,Delayed
BCH000720,North America,2023-07-03,2023-07-09,6,Delayed
BCH000589,North America,2023-08-31,2023-09-03,4,Delayed
BCH000379,Central America,2023-12-29,2023-12-29,3,On-time
BCH000321,North America,2023-07-16,2023-07-16,2,On-time
BCH000340,North America,2023-08-13,2023-08-13,2,On-time
BCH000788,South America,2023-12-01,2023-12-03,3,Delayed
BCH000279,East Asia,2023-12-11,2023-12-11,7,On-time
BCH000068,South America,2023-11-25,2023-11-30,5,Delayed
BCH000260,East Asia,2023-12-16,2023-12-17,8,On-time
BCH000684,South America,2023-11-03,2023-11-04,4,On-time
BCH000420,East Asia,2023-10-04,2023-10-04,7,On-time
BCH000265,Western Europe,2023-11-10,2023-11-14,7,Delayed
BCH000590,North America,2023-08-21,2023-08-22,2,On-time
